{"cameraMode":{"drawMode":0,"name":"Shaded","section":"Shading Mode"},"sceneLighting":false,"audioPlay":false,"sceneViewState":{"showFog":true,"showMaterialUpdate":false,"showSkybox":false,"showFlares":true,"showImageEffects":true,"showParticleSystems":true,"showVisualEffectGraphs":true,"m_FxEnabled":true},"in2DMode":false,"pivot":{"x":-0.9362385869026184,"y":1.2823799848556519,"z":-0.8804517984390259},"rotation":{"x":0.10489523410797119,"y":0.06409033387899399,"z":-0.006779492367058992,"w":0.9923770427703857},"size":0.25980764627456667,"orthographic":false}