{"cameraMode":{"drawMode":0,"name":"Shaded","section":"Shading Mode"},"sceneLighting":true,"audioPlay":false,"sceneViewState":{"showFog":true,"showMaterialUpdate":false,"showSkybox":true,"showFlares":true,"showImageEffects":true,"showParticleSystems":true,"showVisualEffectGraphs":true,"m_FxEnabled":true},"in2DMode":false,"pivot":{"x":0.05878949165344238,"y":2.161311149597168,"z":-1.1612088680267335},"rotation":{"x":0.05724819377064705,"y":0.019516143947839738,"z":-0.0011330385459586979,"w":0.9981602430343628},"size":3.4033918380737306,"orthographic":true}