{"cameraMode":{"drawMode":0,"name":"Shaded","section":"Shading Mode"},"sceneLighting":false,"audioPlay":false,"sceneViewState":{"showFog":true,"showMaterialUpdate":false,"showSkybox":false,"showFlares":true,"showImageEffects":true,"showParticleSystems":true,"showVisualEffectGraphs":true,"m_FxEnabled":true},"in2DMode":false,"pivot":{"x":-0.5377869009971619,"y":0.5861930847167969,"z":1.2828056812286378},"rotation":{"x":0.13174059987068177,"y":0.052009619772434238,"z":-0.006926763337105513,"w":0.989879310131073},"size":1.4660253524780274,"orthographic":false}