{"cameraMode":{"drawMode":0,"name":"Shaded","section":"Shading Mode"},"sceneLighting":false,"audioPlay":false,"sceneViewState":{"showFog":true,"showMaterialUpdate":false,"showSkybox":false,"showFlares":true,"showImageEffects":true,"showParticleSystems":true,"showVisualEffectGraphs":true,"m_FxEnabled":true},"in2DMode":false,"pivot":{"x":3.9412596225738527,"y":0.23834919929504395,"z":-2.5137851238250734},"rotation":{"x":-0.011931389570236206,"y":0.10658590495586395,"z":-0.0012790362816303969,"w":-0.9942312240600586},"size":3.1700894832611086,"orthographic":true}