{"cameraMode":{"drawMode":0,"name":"Shaded","section":"Shading Mode"},"sceneLighting":false,"audioPlay":false,"sceneViewState":{"showFog":true,"showMaterialUpdate":false,"showSkybox":false,"showFlares":true,"showImageEffects":true,"showParticleSystems":true,"showVisualEffectGraphs":true,"m_FxEnabled":true},"in2DMode":false,"pivot":{"x":0.9979773759841919,"y":-0.8382160663604736,"z":3.223426342010498},"rotation":{"x":0.033294811844825748,"y":0.022478844970464708,"z":-0.0007462992216460407,"w":0.9991667866706848},"size":3.9073946475982668,"orthographic":false}