{"cameraMode":{"drawMode":0,"name":"Shaded","section":"Shading Mode"},"sceneLighting":false,"audioPlay":false,"sceneViewState":{"showFog":true,"showMaterialUpdate":false,"showSkybox":false,"showFlares":true,"showImageEffects":true,"showParticleSystems":true,"showVisualEffectGraphs":true,"m_FxEnabled":true},"in2DMode":false,"pivot":{"x":-0.033450961112976077,"y":0.01981326937675476,"z":0.04310508072376251},"rotation":{"x":-0.30837780237197878,"y":0.6426066160202026,"z":-0.31662651896476748,"w":-0.6258614659309387},"size":0.2121320366859436,"orthographic":false}