{"cameraMode":{"drawMode":0,"name":"Shaded","section":"Shading Mode"},"sceneLighting":false,"audioPlay":false,"sceneViewState":{"showFog":true,"showMaterialUpdate":false,"showSkybox":false,"showFlares":true,"showImageEffects":true,"showParticleSystems":true,"showVisualEffectGraphs":true,"m_FxEnabled":true},"in2DMode":false,"pivot":{"x":-0.621999979019165,"y":0.8240000009536743,"z":0.5223481059074402},"rotation":{"x":0.05724819377064705,"y":0.019516143947839738,"z":-0.0011330385459586979,"w":0.9981602430343628},"size":0.04633839428424835,"orthographic":true}