{"cameraMode":{"drawMode":0,"name":"Shaded","section":"Shading Mode"},"sceneLighting":false,"audioPlay":false,"sceneViewState":{"showFog":true,"showMaterialUpdate":false,"showSkybox":false,"showFlares":true,"showImageEffects":true,"showParticleSystems":true,"showVisualEffectGraphs":true,"m_FxEnabled":true},"in2DMode":false,"pivot":{"x":0.02143043279647827,"y":1.7699997425079346,"z":5.03000020980835},"rotation":{"x":0.009305218234658242,"y":-0.02850116230547428,"z":0.0002514089865144342,"w":0.9995362758636475},"size":0.8660286664962769,"orthographic":false}