{"cameraMode":{"drawMode":0,"name":"Shaded","section":"Shading Mode"},"sceneLighting":false,"audioPlay":false,"sceneViewState":{"showFog":true,"showMaterialUpdate":false,"showSkybox":false,"showFlares":true,"showImageEffects":true,"showParticleSystems":true,"showVisualEffectGraphs":true,"m_FxEnabled":true},"in2DMode":false,"pivot":{"x":-0.09572458267211914,"y":-0.4886133074760437,"z":1.867103099822998},"rotation":{"x":0.05577928572893143,"y":0.004486671648919582,"z":-0.00024751535966061056,"w":0.9984079003334045},"size":4.070089340209961,"orthographic":false}